,date,incident,address,officer,casenumber,updated,link,description
0,11/09/2022,Fraud,211 S. Carroll St.,P.O. Hunter Lisko,2022-000000,,https://www.cityofmadison.com/police/newsroom/incidentreports/incident.cfm?id=30162,"Recently, there has been an uptick in scams targeting elderly victims. This increasing trend has been seen in our community and others, and has many different forms.

These scams take many forms, but are typically seen when the intended victim receives a call from someone pretending to be their grandchild or a loved one. The ""grandchild,"" in reality is the scammer, and often times will sound panicked and will be asking for help. The scammer will claim that they've been in a car accident, have been arrested, or were the victim of some kind of crime. The scammer will then ask for money, usually with a demand that the victim deliver this immediately and not talk to anyone about the situation.

We have seen situations lately where the scammers will ask for cash, and send a ""courier,"" to collect the cash. Other circumstances will ask for bank or credit card information. MPD has also dealt with circumstances where the scammer asks for the victim to go to a Bitcoin ATM and complete a transaction that way.

The Madison Police Department wants to remind the community of some general safety tips related to identification and prevention of these scams.
If you are receiving a phone call from a number that you don't know and the person on the other end claims to be a relative, it is ok to hang up and try to reach that relative at a known phone number. This pause can save you the headache of being scammed!
  If someone is claiming to be in legal trouble or at a jail, ask them which jail or facility they are at. Then, make a phone call to verify if that is the case by contacting that jail/law enforcement agency directly!
  If someone asks you to complete a financial transaction at a Bitcoin ATM or other similar ATM, and this is out of the ordinary, stop and verify all information before doing so. Make calls to the person you believe is asking for money, and make sure you know the implications of such transactions.
  Remember, no government official will ask you to pay fines or fees with gift cards from Amazon, Target, or any other store. If you have been directed to purchase these items, do not read off the codes for the cards to anyone over the phone.?
  Do not give out personally identifying information, such as a bank account number or Social Security Number to a person or website you don't know and trust. 

If you or someone you know has been a victim of this kind of a scam while in the City of Madison, please contact the Madison Police Department at 608-255-2345.

Released 11/09/2022 at 2:12 PM by P.O. Hunter Lisko"
1,11/09/2022,Traffic Incident,Beltline/S. Midvale Blvd.,P.O. Hunter Lisko,2022-457354,,https://www.cityofmadison.com/police/newsroom/incidentreports/incident.cfm?id=30161,"Yesterday afternoon at approximately 2:00 p.m., MPD officers responded to a motor vehicle crash on the Beltline near Midvale Blvd.

The crash occurred when a stolen vehicle struck a citizen's vehicle. As a result, the operator of the stolen vehicle lost control and ultimately came to a stop. No injuries were reported as a result of this motor vehicle accident.

Ultimately, several suspects exited the stolen vehicle and fled on foot, running down the Beltline. Officers were able to locate and take custody of two of the occupants, who had fled into a residential neighborhood adjacent to the Beltline.

The first person taken into custody was Reginald D. Cobb, age 17, of Madison. Cobb was ultimately booked into the Dane County Jail on the following charges:
Operating a Motor Vehicle Without Owner's Consent (OMVWOC) as a Passenger
Misdemeanor Bail Jumping
Felony Bail Jumping

The second individual taken into custody is 15 years old, and was conveyed to the Juvenile Reception Center for OMVWOC as a Passenger.

The investigation into this case remains ongoing, and there is a likelihood of additional charges as the remaining suspects are contacted.

Released 11/09/2022 at 8:55 AM by P.O. Hunter Lisko"
2,11/08/2022,Traffic Incident,900 block E. Washington Ave.,P.O. Hunter Lisko,2022-277138,,https://www.cityofmadison.com/police/newsroom/incidentreports/incident.cfm?id=30160,"As part of the Madison Police Department's commitment to ongoing traffic enforcement and safety in our community, we continually review cases of reckless driving and situations where vehicles elude officers.

Earlier this summer, the motorcycle in the attached photos eluded an officers attempt to stop the bike. The driver was operating at excessive speeds in the downtown area, and had seemingly failed to affix registration plates to the motorcycle.

The following evening after this incident, another MPD officer observed this motorcycle in the downtown Madison area. Again, the operator eluded that officer's attempted traffic stop, driving away at a reckless speed.

If you know the owner or operator of this motorcycle, please contact the Madison Police Department at 608-255-2345. Anonymous tips can also be submitted to Madison Area Crime Stoppers at 608-266-6014 or online at p3tips.com.

Released 11/08/2022 at 2:03 PM by P.O. Hunter Lisko"
3,11/03/2022,Missing Adult,West Side,Livia Novitzke,2022-446354,11/07/2022,https://www.cityofmadison.com/police/newsroom/incidentreports/incident.cfm?id=30157,"Missing is a Theodore (TJ) Weege. TJ is a white male, approximately 5'08 and 150 pounds. He was last seen wearing a maroon waffle shirt. If found please notify the Madison Police Department. He was last seen on October 31st.

 

Released 11/03/2022 at 8:21 PM by Livia Novitzke"
4,11/07/2022,Robbery,4217 W. Beltline Hwy,P.O. Hunter Lisko,2022-453702,,https://www.cityofmadison.com/police/newsroom/incidentreports/incident.cfm?id=30159,"On Sunday evening just before 9:00 p.m., officers were dispatched to Rocky's Liquor in the 4200 block of W. Beltline Hwy. for reports of an armed robbery.
 
A suspect entered the store, and demanded money from the cash register at gunpoint.

Officers arrived, and conducted a K9 track in the area. This track lead to a residential area nearby, but no suspect was immediately on scene.
 
Just after 10:30 p.m., officers were sent to the Capitol Petro gas station in the 4600 block of Verona Rd. for another armed robbery, with the suspect matching the same description as the previous armed robbery.
 
As other officers responded directly to the scene, an additional officers responded to the area where the earlier K9 track had ended, suspecting the suspect may head to that location. Those officers then located the suspect nearby, and took him into custody.
 
Arrested in this case is Marcus T. Chavous, age 60, of Madison. Chavous is on parole for armed robbery, and had specific conditions not to be located within 1000 feet of where he was arrested. For the two cases on 11/6/22, Chavous is facing the following charges:
  Armed Robbery (x2)
Disorderly Conduct while Armed (x2)
Parole Violation


Released 11/07/2022 at 9:53 AM by P.O. Hunter Lisko"
5,08/13/2022,Weapons Violation,900 block Mayfair Ave,Sgt. Christopher Keys,2022-325687,11/07/2022,https://www.cityofmadison.com/police/newsroom/incidentreports/incident.cfm?id=30021,"On 8/12/2022 at 11:24 PM Madison Police officers were dispatched to the 900 block of Mayfair Ave for a weapons violation.  The investigation is ongoing at this time. 

Released 08/13/2022 at 2:49 AM by Sgt. Christopher Keys"
6,06/12/2022,Murder/Homicide,5600 block of Black Onyx Dr.,Lt. Paul Bauman,2022-225347,11/07/2022,https://www.cityofmadison.com/police/newsroom/incidentreports/incident.cfm?id=29909,"On Sunday, June 12, 2022, at approximately 5:30 a.m., the Madison Police responded to a disturbance in the 5600 block of Black Onyx Dr.  Upon arrival, officers located a male subject down with a chest wound.  That subject was transported by EMS to a local hosptial where he was pronounced deceased.

Numerous MPD resources responded to the scene and a person of interest was identified and later taken into custody.  The Madison Police Violent Crimes Unit is actively investigating this incident.  There is no continuing threat to the community.

Anyone with information related to this incident may call Madison Area Crimestoppers at 608-266-6014.

Released 06/12/2022 at 12:12 PM by Lt. Paul Bauman"
7,11/07/2022,Robbery,7810 Mineral Point Rd.,P.O. Hunter Lisko,2022-436360,,https://www.cityofmadison.com/police/newsroom/incidentreports/incident.cfm?id=30158,"The Madison Police Department attempting to identify an armed robbery suspect who was involved in two incidents on 10/25/22. 
 
In the early morning hours of the 25th, the suspect entered the Walgreens in the 7800 block of Mineral Point Road and demanded cash. 
 
Approximately 30 minutes later, the suspect entered a Kwik Trip in the 3400 block of University Avenue and demanded cash. 
 
The suspect was described as a middle aged male, approximately 40 -50 years old with a medium build and approximately 5' 05"" tall.
 
Photos of the suspect are attached to this incident report. Anyone with information about the identity of the suspect is asked to call the Madison Police Department at 608-255-2345. Anonymous tips can also be submitted to Madison Area Crime Stoppers at 608-266-6014 or online at p3tips.com.
 
 

Released 11/07/2022 at 8:38 AM by P.O. Hunter Lisko"
8,11/03/2022,Traffic Incident,Hwy. 12 at Broadway,P.O. Hunter Lisko,2022-450157,11/03/2022,https://www.cityofmadison.com/police/newsroom/incidentreports/incident.cfm?id=30156,"The Madison Police Department and partnering law enforcement agencies are working on a vehicle crash scene on the Beltline between Broadway and John Nolen Dr.
 
During this crash, a Madison Police Department squad was struck by a stolen vehicle that was fleeing a traffic stop that had been initiated by another jurisdiction.
 
The two officers who were in the MPD squad are being seen at a local hospital as a precaution, but are in stable condition.
 
The occupant of the stolen vehicle was taken into police custody following the crash.
 
Additional updates to this Incident Report will be posted as they are available. Drivers are encouraged to find alternate routes around this portion of the westbound Beltine as the investigation continues by partner law enforcement agencies.

Released 11/03/2022 at 1:10 PM by P.O. Hunter Lisko"
9,11/03/2022,Fraud,3000 block Irvington Way,P.O. Hunter Lisko,2022-905160,,https://www.cityofmadison.com/police/newsroom/incidentreports/incident.cfm?id=30155,"On Monday afternoon, an elderly couple was scammed out of several thousand dollars in a scheme that combined the use of a telephone and an in-person visit by the scammers.

During this incident, the suspects claimed that the couple's daughter was in jail and that the couple needed to pay the bail for their daughter. The scammers demanded money, and put on a convincing ruse throughout their interactions with the couple.

Eventually, the suspects came to the couple's home and collected the money from them. The couple quickly thereafter realized this was a scam and contacted MPD.
An image of one of the involved parties is attached to this incident report. The suspect appears to have some kind of bat or Batman logo tattoo on the back of their neck, and was last seen wearing a ball cap, jeans and a shirt that says ""Rocky Mountain High.""

Anyone with information on the identity of this suspect should call Madison Police at 608-255-2345. Anonymous tips can also be submitted through the Madison Area Crime Stoppers at 608-266-6014 or online at p3tips.com

Released 11/03/2022 at 8:29 AM by P.O. Hunter Lisko"
10,11/02/2022,Damaged Property,E. Washington Ave./Butler St.,P.O. Hunter Lisko,2022-447934,,https://www.cityofmadison.com/police/newsroom/incidentreports/incident.cfm?id=30154,"On Tuesday evening, MPD officers took two reports of damage to property that appeared to be caused by a BB gun.

The first incident occurred on E. Washington Ave. near Blair St. The caller got into her vehicle, which had been parked near that location, and promptly heard their rear window get damaged and potentially shot out. It is believed that this was done by a BB gun.

Shortly thereafter, an additional caller reported that their vehicle had been struck by apparent BB gun fire on E. Washington Ave. near First St.

Both calls happened minutes apart, and are being investigated as being connected. Officers are reviewing physical and digital evidence related to this case and the investigation remains ongoing.

Anyone with information on this case should call Madison Police at 608-255-2345. Anonymous tips can also be submitted through the Madison Area Crime Stoppers at 608-266-6014 or online at p3tips.com

Released 11/02/2022 at 9:25 AM by P.O. Hunter Lisko"
11,11/02/2022,Disturbance,89 East Towne Mall,P.O. Hunter Lisko,2022-447403,,https://www.cityofmadison.com/police/newsroom/incidentreports/incident.cfm?id=30153,"On Tuesday afternoon, officers responded to the parking lot of the East Towne Mall for a report of a disturbance involving two individuals.

Officers on scene learned that Nakenjii D. Toles engaged in a physical fight with a victim on the scene. After the physical fight, the victim attempted to get away from Toles in her vehicle. The victim's children were also in the car as the victim attempted to leave the area to end the conflict.

As the victim was leaving, Toles got into a vehicle and pursued the victim as the victim was leaving. Toles crashed her vehicle into the victim's vehicle several times in a seemingly intentional way. Due to the repeated crashes and reckless driving, Toles flipped over her own vehicle. The victim was then able to break contact with Toles and left the area.

Toles was then taken into custody. After obtaining medical clearance, Toles was booked into the Dane County Jail on the following charges:
2nd Degree Recklessly Endangering Safety (x4)
Damage to Property
Disorderly Conduct
Reckless Driving


Released 11/02/2022 at 9:05 AM by P.O. Hunter Lisko"
12,11/02/2022,Weapons Violation,7100 block Flower Ln.,P.O. Hunter Lisko,2022-447728,,https://www.cityofmadison.com/police/newsroom/incidentreports/incident.cfm?id=30152,"On Tuesday evening, MPD officers responded to the 7100 block of Flower Ln. for multiple callers reporting shots fired.

When officers arrived, they located over a dozen shell casings. No property damage was located at the scene, and nobody was struck by gunfire.

Officers are investigating the events that lead up to the shots being fired, and are reviewing physical and digital evidence related to the case.

Anyone with information on this case should call Madison Police at 608-255-2345. Anonymous tips can also be submitted through the Madison Area Crime Stoppers at 608-266-6014 or online at p3tips.com

Released 11/02/2022 at 8:52 AM by P.O. Hunter Lisko"
13,11/01/2022,Disturbance,2000 block E. Washington Ave.,P.O. Hunter Lisko,2022-446231,,https://www.cityofmadison.com/police/newsroom/incidentreports/incident.cfm?id=30151,"Shortly after 8:00 p.m. on Monday evening, MPD officers responded to a residential address in the 2000 block of E. Washington Ave. for a physical disturbance.

Upon arrival, officers learned that two residents of the upper level of this address share a domestic relationship, and had gotten into a physical disturbance. The suspect, Otis B. Adams, pushed the victim around and into a wall.

A resident from the lower level who was not involved in the initial incident, Frederick S. Burton, came upstairs into the residence and engaged in the disturbance. Burton used a hammer to strike the same victim multiple times causing injury.

Officers arrived and arrested Adams on charges of Domestic Disorderly Conduct, Obstructing, and a parole violation.

Burton was arrested on charges of 2nd Degree Recklessly Endangering Safety, and Disorderly Conduct while Armed.

Both Burton and Adams were conveyed to the Dane County Jail. The victim was taken to an area hospital with non-life threatening injuries.

Released 11/01/2022 at 9:38 AM by P.O. Hunter Lisko"
14,10/30/2022,Information,200 blk Wisconsin Ave.,Sgt. Cindy Deering,2022-444035,10/30/2022,https://www.cityofmadison.com/police/newsroom/incidentreports/incident.cfm?id=30150,"Madison Police Department is looking for a 12 yr. old yellow lab (lighter in color) service dog taken between 10:30pm on 10/29/2022 and 2:30am on 10/30/2022 in the 200 blk Wisconsin Ave.  The yellow lab has a Brewer collar and his name is Bentley.  Anyone with information on a suspect or the location of Bentley, please call the Madison Police Department.

 

Released 10/30/2022 at 9:08 AM by Sgt. Cindy Deering"
15,10/30/2022,Information,211 S. Carroll St.,P.O. Hunter Lisko,2022-000000,,https://www.cityofmadison.com/police/newsroom/incidentreports/incident.cfm?id=30149,"While there was not a recognized special event in the City of Madison to celebrate Halloween, the Madison Police Department took extra precautions to ensure a safe and orderly Halloween weekend.

MPD, in conjunction with our partners at the Madison Fire Department, provided an increased public safety presence in and around the downtown Madison area. Thousands of costume-clad citizens took to the streets to enjoy the vibrant entertainment zone, and fortunately there was a minimal number of issue that necessitated a police response.

MPD did make arrests in cases that involved unruly persons, fights, and significant disturbances. Preliminary numbers from the MPD Incident Command Post are that 20 individuals were arrested or cited during Saturday evening and into early Sunday morning. These figures represent arrests and citations that were in the downtown area, where the Freakfest event traditionally was held in past years.

There are additional cases that began in this timeframe that will necessitate further police follow-up. There may be additional arrests resulting from conduct that occurred during this time.

Released 10/30/2022 at 2:53 AM by P.O. Hunter Lisko"
16,10/30/2022,Information,211 S. Carroll St.,P.O. Hunter Lisko,2022-000000,,https://www.cityofmadison.com/police/newsroom/incidentreports/incident.cfm?id=30149,"While there was not a recognized special event in the City of Madison to celebrate Halloween, the Madison Police Department took extra precautions to ensure a safe and orderly Halloween weekend.

MPD, in conjunction with our partners at the Madison Fire Department, provided an increased public safety presence in and around the downtown Madison area. Thousands of costume-clad citizens took to the streets to enjoy the vibrant entertainment zone, and fortunately there was a minimal number of issue that necessitated a police response.

MPD did make arrests in cases that involved unruly persons, fights, and significant disturbances. Preliminary numbers from the MPD Incident Command Post are that 20 individuals were arrested or cited during Saturday evening and into early Sunday morning. These figures represent arrests and citations that were in the downtown area, where the Freakfest event traditionally was held in past years.

There are additional cases that began in this timeframe that will necessitate further police follow-up. There may be additional arrests resulting from conduct that occurred during this time.

Released 10/30/2022 at 2:53 AM by P.O. Hunter Lisko"
17,10/29/2022,Weapons Violation,4600 block Milwaukee St,Sgt. Ronald Webster,2022-442473,,https://www.cityofmadison.com/police/newsroom/incidentreports/incident.cfm?id=30148,"MPD is currently investigating a weapons offense that occurred in the 4600 block of Milwaukee Street. Three individuals were treated at local hospitals for non-life threatening injuries. This appears to be a result of a disturbance which began at a gathering inside of a residence there. This is currently under investigation by the Violent Crime Unit.

Released 10/29/2022 at 10:45 AM by Sgt. Ronald Webster"
18,10/28/2022,Intoxicated/Impaired Driver,200 block W. Gilman St.,P.O. Hunter Lisko,2022-440730,10/28/2022,https://www.cityofmadison.com/police/newsroom/incidentreports/incident.cfm?id=30147,"On Friday morning at approximately 12:28 AM, two MPD officers observed a vehicle, driven by Andrew M. Lloyd, on Gilman St. at State St. The vehicle accelerated, squealing their tires almost hitting 2 pedestrians in the crosswalk.  A traffic stop was attempted however the vehicle accelerated, eluding the officers and disregarding 2 stop signs. The officers aired the information via police radio but did not pursue the vehicle. 
 
Two other officers then saw the vehicle in the area of Johnson St. at Hamilton St.  They attempt a traffic stop at which point Lloyd eludes MPD officers for a second time, and the officers did not pursue.  
Lloyd then got onto E. Washington Ave outbound, and was observed traveling well over 100 MPH. 
 
A few minutes later an MPD sergeant spots Lloyd's vehicle traveling outbound on E. Washington Ave., still traveling at a high rate of speed. 
 
E. Washington Ave. at Fair Oaks Ave. is under construction with cones and sign boards set up to inform drivers that the center lane is not in use. The sergeant saw Lloyd strike several cones and then strike a traffic sign board pushing it several hundred feet near that intersection. 

Lloyd exited the vehicle initially walking away from the crash and the sergeant, but started running once additional officers were arriving on scene.  Officers were able to surround Lloyd, and Lloyd resisted arrest when they attempted to take him into custody. 
Lloyd was taken into custody, and transported to an area hospital for medical clearance. Lloyd sustained minor injuries due to his crash.

Lloyd was booked into the Dane County Jail on 2 counts of Eluding, Operating a Motor Vehicle While Intoxicated (OWI) 4th Offense, Felony Bail Jumping, Misdemeanor Bail Jumping. In addition, a plethora of traffic citations were issued to Lloyd.

Released 10/28/2022 at 10:07 AM by P.O. Hunter Lisko"
19,10/28/2022,Arrested Person,400 block S. Paterson St.,P.O. Hunter Lisko,2022-440816,,https://www.cityofmadison.com/police/newsroom/incidentreports/incident.cfm?id=30146,"In the early hours of Friday morning, an MPD officer observed two vehicles on E. Washington Ave. that were side by side, stopped at the traffic light.  He could see and hear the occupants of the vehicles yelling back and forth, and it appeared to the officer to be a significant disturbance. 
 
One of the vehicles sped off when the light turned, traveling at a high rate of speed.  The officer initiated a traffic stop at which time the vehicle turned onto S. Paterson and eventually pulled into the 400 block of S. Paterson. The officer then approached the vehicle, and while speaking with the driver observed a handgun in plain view. 
 
The driver, Titus E. Carter, exited the vehicle and was taken into custody at the direction of the officers. 
 
One of the passengers, Sean J. Smith, slid over to where the gun was located and attempted to cover it up. Smith then was ordered out of the vehicle and was taken into custody safely by the officers. 
The three other occupants of the vehicle were detained while officers secured the firearm. 
Titus Carter was then processed for 3rd offense Operating a Motor Vehicle While Intoxicated (OWI), and was arrested on this charge as well as a probation hold. 

Sean Smith was arrested for a concealed carry violation, Going Armed while intoxicated, a Probation Hold, and 2 counts of felony bail jumping. 
One of the other parties in the car, Clarence Hood, was arrested on a probation hold for violating terms of his probation.

The two other passengers were released at the scene. 

While officers were investigating the traffic stop, a bystander Ian J. Stark, who had nothing to do with the stop, inserted himself into the investigation. Stark began shouting obscenities including calling officers homophobic slurs before throwing full cans of beer at them.  Stark was placed under arrest, transported to Dane County Jail and was booked in and made to post on two citations: Throwing Stones/Missiles and Disorderly Conduct.

Released 10/28/2022 at 9:51 AM by P.O. Hunter Lisko"
20,10/27/2022,Traffic Incident,John Nolen Dr. & North Shore Dr.,Lt. Paul Bauman,2022-439426,10/27/2022,https://www.cityofmadison.com/police/newsroom/incidentreports/incident.cfm?id=30143,"On Thursday, October 27, 2022, at approximately 6:54am, Madison Police responded to a traffic crash involving a motor vehicle and bicyclist at the intersection of John Nolen Dr. and North Shore Dr.  The bicyclist was transported to a local hospital with serious injuries.  The driver of the vehicle was uninjured and is cooperating with the investigation.  Traffic in the area has been redirected for the time being.

Anyone with information regarding this incident is encouraged to contact the Madison Police Department at 608-266-6014.

Released 10/27/2022 at 9:05 AM by Lt. Paul Bauman"
21,10/27/2022,Damaged Property,Stoughton Rd./E. Washington Ave.,P.O. Hunter Lisko,2022-439071,,https://www.cityofmadison.com/police/newsroom/incidentreports/incident.cfm?id=30145,"On Wednesday evening, MPD officers took a report of damage to a vehicle. The incident occurred on Stoughton Rd. just south of E. Washington Ave.

The owner of the vehicle reported that he was traveling southbound on Stoughton Rd. when he heard one loud ""pop,"" sound, and noticed damage to the top of the front passenger door of his vehicle.

At this time, no projectile was found and it is unclear if the damage was from gunfire or something else striking the vehicle. A forensic investigator with the Madison Police Department responded to the scene, and the investigation is ongoing.

Released 10/27/2022 at 9:30 AM by P.O. Hunter Lisko"
22,10/27/2022,Weapons Violation,7100 block Mckee Rd.,P.O. Hunter Lisko,2022-431369,,https://www.cityofmadison.com/police/newsroom/incidentreports/incident.cfm?id=30144,"On 10/21/2022 at approximately 5:54 PM, Madison Police Officers responded to a residence in the 7100 block of Mckee Road for a report of a subject who reportedly accidentally discharged a firearm, striking another person.

Officers arrived on scene and located an adult male victim with a gunshot wound.

The victim was transported to a local hospital and was later pronounced deceased.

This case remains under investigation. There are no suspects in custody at this time and there is no ongoing threat to the public.

Released 10/27/2022 at 9:07 AM by P.O. Hunter Lisko"
23,10/26/2022,Residential Burglary,1602 W. Beltline Hwy.,P.O. Hunter Lisko,2022-363005,10/27/2022,https://www.cityofmadison.com/police/newsroom/incidentreports/incident.cfm?id=30142,"Madison Police Department detectives are investigating a burglary that occurred in September. On 9/6/22, a suspect entered an occupied room at the Super 8 Motel located at 1602 W. Beltline Hwy., and stole a victim's wallet as the victim slept.

Shortly after, the suspect began using the victim's credit card to commit fraudulent transactions.

The suspect is a black male with a heavy build. The suspect is further described as having dreadlocks past his shoulders and a full beard. The suspect was seen on camera wearing a red #52 Kansas City Chiefs jersey with the words ""King,"" and ""Marlo,"" on the upper back of the jersey, as well as black pants and white Air Jordan 11 Low shoes. Photos of the suspect are attached to this incident report.

Anyone with information on this case should call Madison Police at 608-255-2345. Anonymous tips can also be submitted through the Madison Area Crime Stoppers at 608-266-6014 or online at p3tips.com.

Released 10/26/2022 at 3:12 PM by P.O. Hunter Lisko"
24,10/25/2022,Suspicious Person,1156 Olin-Turville Ct,P.O. Hunter Lisko,2022-435179,10/27/2022,https://www.cityofmadison.com/police/newsroom/incidentreports/incident.cfm?id=30140,"The Madison Police Department is investigating a suspicious incident that took place at Olin Park on Sunday afternoon around 1:00 p.m.

During this incident, a jogger was closely followed by the person in the attached photo. The jogger was able to safely distance themselves from this person, and report the situation to the Madison Police Department.

The subject is described as a white male, between 20 and 30 years old. Further, the subject was described as about 5'5"" tall, and approximately 200lbs. The suspect was last seen wearing a green shirt and black basketball style shorts.

If you can identify this person, please contact the Madison Police Department at 608-255-2345. Additionally, anonymous tips can also be submitted through the Madison Area Crime Stoppers at 608-266-6014 or online at p3tips.com.

Released 10/25/2022 at 3:05 PM by P.O. Hunter Lisko"
25,07/22/2022,Murder/Homicide,Vahlen St. and N. Sherman Ave.,PIO Stephanie Fryer,2022-291413,10/26/2022,https://www.cityofmadison.com/police/newsroom/incidentreports/incident.cfm?id=29981,"The Madison Police Department is investigating a shooting on the city's north side.
 
A gunshot victim was located in the area of Vahlen St. and N. Sherman Ave. around 11:20 a.m.  He suffered life-threatening injuries.
 
Additional shots were fired on Vera Ct. around the same time.
 
At this time, MPD is working to determine if the two incidents are connected.
 
No arrests have been made. The scene remains active.
 
The public is asked to find an alternate route if they are needing to come to this area of town.
 

Released 07/22/2022 at 12:46 PM by PIO Stephanie Fryer"
26,10/26/2022,Theft,600 block University Ave,P.O. Hunter Lisko,2022-401409,,https://www.cityofmadison.com/police/newsroom/incidentreports/incident.cfm?id=30141,"The Madison Police Department in investigating a series of cases of cell phone thefts that have occurred in and around the downtown area.

In these cases, victims are approached on the street by suspects who ask to use the victims' phone. The suspects tell the victims that they want to show them something on social media or music sharing apps, and use this ruse to steal money from financial apps on the victims' phones or to steal the phones themselves.

The investigation into these incidents remains active and ongoing, and MPD detectives are assigned to the cases that have been reported to the police department.

MPD wants to remind the community of a few safety tips related to cell phones:
Do not let anyone you don't know and trust use your phone
Do not unlock your phone at the request of someone you don't know and trust or show your phone to them
If you feel inclined to help someone that asks to use your phone, tell them you will make the call on their behalf
Keep your cell phone in a safe place on your person 
 
If you have any additional information related to these cases, reach out to Madison Area Crime Stoppers at 608-266-6014 or submit tips anonymously at p3tips.com

Released 10/26/2022 at 9:57 AM by P.O. Hunter Lisko"
27,10/25/2022,Traffic Incident,W. Johnson St./N. Bassett St.,P.O. Hunter Lisko,2022-431675,,https://www.cityofmadison.com/police/newsroom/incidentreports/incident.cfm?id=30139,"The Madison Police Department is investigating cases from over the weekend in which a number of motorcycles eluded officers. These motorcycles were seen driving recklessly in the downtown area while numerous pedestrians were out for the evening. Some reports from citizens indicated that some of these motorcycles were traveling in excess of 140+ mph.

The motorcyclists appear to have removed the registration plates from their motorcycles prior to coming into the downtown area.
 
A PDF with the associated motorcycles is attached to this incident report, and the individual motorcyclists and their bikes are labeled by a number.

If you have any information about these motorcycles or their riders, please contact the Madison Police Department. MPD can be reached at 608-255-2345. Anonymous tips can also be submitted through the Madison Area Crime Stoppers at 608-266-6014 or online at p3tips.com.

Released 10/25/2022 at 1:39 PM by P.O. Hunter Lisko"
28,10/25/2022,Arrested Person,1800 block Fordem Ave.,P.O. Hunter Lisko,2022-436263,,https://www.cityofmadison.com/police/newsroom/incidentreports/incident.cfm?id=30138,"In the early morning hours of Tuesday, MPD officers responded to a residence in the 1800 block of Fordem Ave. for a domestic disturbance.

The victim reported to officers that an altercation had occurred between herself and her significant other, with whom she shares a domestic relationship. Through the investigation, officers developed probable cause for criminal charges for the male subject.

Officers were able to establish where the suspect, Javarius D. McAbee, was located and went to attempt an arrest. When confronted, MaAbee was seen trying to conceal a bandolier style fanny pack under his jacket. This pack was later revealed to be concealing a firearm in McAbee's possession, along with a 33 round magazine and illegal drugs.

McAbee then resisted officers when they attempted to physically take him into custody. McAbee injured an MPD sergeant in the course of the arrest, necessitating medical care for the sergeant at a local hospital. The sergeant was treated and released, with a suspected soft tissue injury.

McAbee was ultimately taken to a local hospital for medical clearance, and then booked into the Dane County Jail on the following charges:
Obstructing an Officer (x2)
Resisting Arrest (x1)
Resisting Arrest Causing Injury (x1)
Felon in Possession of a Firearm (x1)
Carrying a Concealed Weapon (x1)
Going Armed While Intoxicated (x1)
Possession with Intent to Distribute Cocaine (x1)
Possession with Intent to Distribute THC (x1)
Domestic Disorderly Conduct (x1)
Additional outstanding warrants for McAbee's arrest


Released 10/25/2022 at 9:02 AM by P.O. Hunter Lisko"
29,09/30/2022,Robbery,3400 block of University Ave,P.O. Ryan Kimberley,2022-399835,10/24/2022,https://www.cityofmadison.com/police/newsroom/incidentreports/incident.cfm?id=30097,"Madison Police Officers responded to the 3400 block of University Ave for an armed robbery of a store. Staff stated an unidentified female came into the store and stated her boyfriend was outside with a gun and that her boyfriend was going to kill her if she did not rob the store. Staff stated they did not see a gun and verbal manipulation (implied threat of weapon) was used. Staff did not give the suspect any money and the suspect then fled on foot. This remains an open and active investigation.

Anyone with information should call Madison Police at 608-255-2345. Anonymous tips can also be submitted through the Madison Area Crime Stoppers at 608-266-6014 or online at p3tips.com.

Released 09/30/2022 at 9:28 AM by P.O. Ryan Kimberley"
30,10/24/2022,Weapons Violation,900 block Vernon Ave.,P.O. Hunter Lisko,2022-432021,,https://www.cityofmadison.com/police/newsroom/incidentreports/incident.cfm?id=30137,"In the overnight hours of Saturday morning, officers responded to an apartment in the 900 block of Vernon Ave. for reports of shots fired.

Officers arrived to the scene, and found that the patio door of one unit had been shot out. It was believed that 3-4 rounds went through the door, landing a few feet from where a resident was sleeping on the couch in the apartment.

This case is thought to be potentially related to a burglary case that occurred in the same neighborhood earlier in the evening, but the investigation remains ongoing and this is not definitively confirmed at this time.

Nobody was injured by the gunfire in this incident.

Released 10/24/2022 at 9:35 AM by P.O. Hunter Lisko"
31,10/24/2022,Damaged Property,400 block Parkwood Ln.,P.O. Hunter Lisko,2022-433646,,https://www.cityofmadison.com/police/newsroom/incidentreports/incident.cfm?id=30136,"During the overnight hours of Sunday morning, MPD officers responded to the 400 block of Parkwood Ln. for a report of a vehicle on fire.

The investigation revealed that the vehicle's owner, Brandon L. Jackson, suspected his ex-girlfriend, Ronnita E. Washington, of setting his vehicle on fire. Ultimately, officers were able to establish probable cause for Washington for Arson. Washington, however, was not at the scene to be immediately taken into custody.

However, Jackson and his current girlfriend, Maleasa P. Epkins, resolved themselves to find and confront Washington about this despite clear instructions from officers not to do so.

Ultimately, a confrontation occurred between the three parties at a separate location. Officers were there and able to quickly intervene in this confrontation.
All three individuals were arrested in this incident due to the initial arson and the retaliatory actions. The charges referred to the District Attorney's office are as follows:
 
Washington was arrested on one count of Arson.

Jackson was arrested on one count of Domestic Disorderly Conduct.

Epkins was arrested on one count of Disorderly Conduct, one count of Battery, and one count of Criminal Damage to Property.

All of the parties were conveyed to the Dane County Jail.

Released 10/24/2022 at 9:28 AM by P.O. Hunter Lisko"
32,10/24/2022,Damaged Property,400 block Parkwood Ln.,P.O. Hunter Lisko,2022-433646,,https://www.cityofmadison.com/police/newsroom/incidentreports/incident.cfm?id=30136,"During the overnight hours of Sunday morning, MPD officers responded to the 400 block of Parkwood Ln. for a report of a vehicle on fire.

The investigation revealed that the vehicle's owner, Brandon L. Jackson, suspected his ex-girlfriend, Ronnita E. Washington, of setting his vehicle on fire. Ultimately, officers were able to establish probable cause for Washington for Arson. Washington, however, was not at the scene to be immediately taken into custody.

However, Jackson and his current girlfriend, Maleasa P. Epkins, resolved themselves to find and confront Washington about this despite clear instructions from officers not to do so.

Ultimately, a confrontation occurred between the three parties at a separate location. Officers were there and able to quickly intervene in this confrontation.
All three individuals were arrested in this incident due to the initial arson and the retaliatory actions. The charges referred to the District Attorney's office are as follows:
 
Washington was arrested on one count of Arson.

Jackson was arrested on one count of Domestic Disorderly Conduct.

Epkins was arrested on one count of Disorderly Conduct, one count of Battery, and one count of Criminal Damage to Property.

All of the parties were conveyed to the Dane County Jail.

Released 10/24/2022 at 9:28 AM by P.O. Hunter Lisko"
33,10/24/2022,Weapons Violation,600 block S. Gammon Rd.,P.O. Hunter Lisko,2022-434046,,https://www.cityofmadison.com/police/newsroom/incidentreports/incident.cfm?id=30135,"Just before 1:00 p.m. on Sunday afternoon, MPD officers responded to the 600 block of S. Gammon Rd. for reports of shots fired.

It appears that two vehicles were involved in this incident, and that occupants of one vehicle fired on a subject getting out of another vehicle.

Almost immediately, both vehicles left the scene, which occurred prior to police arrival. There was no evidence that any party was injured in this shooting.

MPD personnel collected physical and digital evidence related to this case, and the investigation remains ongoing.

Anyone with information on this case should call Madison Police at 608-255-2345. Anonymous tips can also be submitted through the Madison Area Crime Stoppers at 608-266-6014 or online at p3tips.com.

Released 10/24/2022 at 9:02 AM by P.O. Hunter Lisko"
34,10/24/2022,Weapons Violation,1500 block S. Stoughton Rd.,P.O. Hunter Lisko,2022-433585,,https://www.cityofmadison.com/police/newsroom/incidentreports/incident.cfm?id=30134,"During the overnight hours of Sunday morning, MPD officers responded to the 1500 block of S. Stoughton Rd. to aid the victim of a gunshot wound.

Officers located a 22 year old male subject had been shot in the hand. Officers rendered aid to this individual on the scene, and he was transported to a local hospital with non-life threatening injuries.

The investigation revealed that a suspect vehicle had open fire on the vehicle that the victim was in. The victim vehicle sustained numerous gunshots.

MPD investigators responded to the scene, and collected physical evidence which is currently being processed. The case is open and active at this time.

Anyone with information on this case should call Madison Police at 608-255-2345. Anonymous tips can also be submitted through the Madison Area Crime Stoppers at 608-266-6014 or online at p3tips.com.

Released 10/24/2022 at 8:46 AM by P.O. Hunter Lisko"
35,09/29/2022,Robbery,900 Block S Gammon Rd (Kelleyâ€™s Market),Lt. David Meinert,2022-00399146,10/21/2022,https://www.cityofmadison.com/police/newsroom/incidentreports/incident.cfm?id=30096,"The Madison Police Department is currently investigating an armed robbery.  The victim stated that at approximately 4:40pm, upon parking in the Kelley's Market parking lot and prior to exiting the car, a black male entered the rear passenger seat of the car, pointed a handgun, and demanded money. The victim turned over money and the suspect exited the car and left the area.
 
Anyone with information should call Madison Police at 608-255-2345. Anonymous tips can also be submitted through the Madison Area Crime Stoppers at 608-266-6014 or online at p3tips.com.

Released 09/29/2022 at 8:10 PM by Lt. David Meinert"
36,10/21/2022,Weapons Violation,5800 block Balsam Rd.,P.O. Hunter Lisko,2022-429896,,https://www.cityofmadison.com/police/newsroom/incidentreports/incident.cfm?id=30133,"On Thursday evening just after 7:00 p.m., officers responded to the 5800 block of Balsam Rd. for multiple reports of shots fired. When officers arrived, they located casings at the scene and damage to two buildings, as well as a vehicle. It does not appear that anyone was stuck by the gunfire during this incident.

The investigation into this shooting is ongoing, and MPD investigators and detectives are reviewing physical and digital evidence in the case.

Anyone with information regarding this case or any suspect involved is asked to call the Madison Area Crime Stoppers tip line at 608-266-6014. Tips can also be made anonymously by using p3tips.com.

Released 10/21/2022 at 9:04 AM by P.O. Hunter Lisko"
37,10/20/2022,Information,211 S Carroll St,P.O. Ryan Kimberley,0000-000000,,https://www.cityofmadison.com/police/newsroom/incidentreports/incident.cfm?id=30132,"The Madison Police Department received notification from Dane County Emergency Management regarding threats of active shooters at schools throughout Southeast Wisconsin.
 
At this time, MPD has found no credible threats to area schools. MPD urges the public to remain vigilant and report any suspicious activity to law enforcement immediately. We're saddened and disappointed that someone would do this and are working diligently with our law enforcement partners to identify the person responsible.
 
This is an active and open investigation. Anyone with information should call Madison Police at 608-255-2345. Anonymous tips can also be submitted through the Madison Area Crime Stoppers at 608-266-6014 or online at p3tips.com
 

Released 10/20/2022 at 12:14 PM by P.O. Ryan Kimberley"
38,10/20/2022,Battery,3000 block of E Washington Ave,P.O. Ryan Kimberley,2022-428785,,https://www.cityofmadison.com/police/newsroom/incidentreports/incident.cfm?id=30131,"Madison Police Officers responded to the 3000 block of E Washington Ave reference a battery complaint. Officers learned that the complainant attempted to sell soap as drugs to a friend. 

Unfortunately for the complainant, the friend suspected the quality was subpar and decided to test the drugs by licking it and discovered it was soap.

The friend then punched the complainant and the complainant attempted to call 911 but the friend interfered.

Lee Cowan (53) was located nearby and arrested for battery, intimidation of a victim, and possession of paraphernalia.  

Released 10/20/2022 at 8:24 AM by P.O. Ryan Kimberley"
39,10/18/2022,Arrested Person,673 State St.,P.O. Hunter Lisko,2022-403806,,https://www.cityofmadison.com/police/newsroom/incidentreports/incident.cfm?id=30130,"Following an extensive investigation, the Madison Police Department Special Victims Unit (SVU) arrested a 36-year-old man on 10/15/22 for charges related to human trafficking.

Zachariah S. Singletary, Sr. has been the subject of an ongoing investigation, was booked into the Dane County Jail, and charged with the following:

- Trafficking of a Child (x4)
- Child Enticement (x2)
- Attempted Child Enticement, Sexual Intercourse with a Child (x3)
- Sexual Assault of a Child under 16 Years of Age.
 
This investigation is still active and on-going by the MPD SVU.

Released 10/18/2022 at 2:46 PM by P.O. Hunter Lisko"
40,10/18/2022,Residential Burglary,5800 block Raymond Rd.,P.O. Hunter Lisko,3033-425779,,https://www.cityofmadison.com/police/newsroom/incidentreports/incident.cfm?id=30129,"On Monday evening around 10:25 p.m., officers were dispatched to an apartment complex in the 5800 block of Raymond Rd. for a burglary in progress call.

Officers arrived and quickly set up a perimeter around the building. Once they began their approach, the officers could hear movement inside the underground parking garage at this location, where the burglary was said to be occurring. Ultimately, it was learned that the burglars were attempting to steal a bicycle, and were also attempting to steal a Kia vehicle parked in the garage.

Just as officers approached to make entry, the suspects opened the door to leave. Upon spotting the officers, all four suspects (later determined to be juveniles) made a break for it, fleeing on foot. The suspects, however, were quickly apprehended by the officers on scene after foot pursuits.

Suspect #1 was identified as a 14 year old male. This juvenile was armed with a facsimile firearm during the commission of this burglary. This juvenile was arrested on charges of burglary, possession of a facsimile firearm, party to a crime (PTAC) of attempted operating a motor vehicle without owner's consent (OMVWOC), and resisting arrest.

Suspect #2 was identified as a 14 year old male. This juvenile was arrested for burglary, PTAC attempted OMVWOC, and possession of burglarious tools.

Suspect #3 was identified as a 14 year old male. This juvenile was arrested for burglary, PTAC attempted OMVWOC, resisting arrest, and tampering with a GPS monitoring device (tampering with ankle monitor).

Suspect #4 was identified as a 13 year old male. This juvenile was arrested for burglary, PTAC attempted OMVWOC, resisting arrest, and obstructing (lying about his name).

All four suspects were conveyed to the Juvenile Reception Center (JRC) on these charges, and additional follow-up is being conducted on this case.

Released 10/18/2022 at 10:13 AM by P.O. Hunter Lisko"
41,10/18/2022,Theft,400 block W. Gilman St.,P.O. Hunter Lisko,2022-425266,,https://www.cityofmadison.com/police/newsroom/incidentreports/incident.cfm?id=30128,"On Monday afternoon around 3:15 p.m., officers were dispatched to a business in the 400 block of W. Gilman St. for the report of a theft. Officers made contact with the victims, who reported that shortly before a subject had entered the store and took a MacBook, an iPad, an iPhone, and an older model iPod. In total, the suspect swiped approximately $2500.00 worth of technology and left the store.

Using the ""Find My,"" feature on the Apple products, officers were able to get a real-time location for the technology. Officers responded to the area of the GPS plots and located the suspect in the 600 block of E. Washington Ave.

There, officers observed and identified Gregory L. Lamb, age 61, of Madison. Lamb was wearing the same clothing that he wore during the theft, and he was found concealing the stolen technology in an old pizza box.

Lamb was arrested on theft charges, as well as misdemeanor and felony bail jumping charges. Lamb was taken to the Dane County Jail, and the victims were reunited with their technology.

Released 10/18/2022 at 9:29 AM by P.O. Hunter Lisko"
42,10/18/2022,Weapons Violation,"1000 block of Hathaway Drive, Madison, WI",Sgt. Nathan Becker,2022-425936,,https://www.cityofmadison.com/police/newsroom/incidentreports/incident.cfm?id=30127,"On October 18, 2022 at 2:47am, Madison Police Officers were dispatched to the 1000 block of Hathaway Drive regarding a Weapons Offense-Shots Fired incident with an additional call to 911 reporting the same, coming from the 1200 block of Brookwood Road.

Upon arrival to the area, video evidence was located/obtained and multiple shell casings that had been fired from a handgun were recovered from the roadway. Officers and a Sergeant checked the area but did not locate any damaged homes or damaged vehicles. There are no reports of injured persons at this time.

Anyone with information should call Madison Police at 608-255-2345. Anonymous tips can also be submitted through the Madison Area Crime Stoppers at 608-266-6014 or online at p3tips.com.

Released 10/18/2022 at 4:39 AM by Sgt. Nathan Becker"
43,09/28/2022,Sexual Assault,N. Bassett St. at W. Mifflin St.,P.O. Hunter Lisko,2022-396426,10/17/2022,https://www.cityofmadison.com/police/newsroom/incidentreports/incident.cfm?id=30091,"On Tuesday evening around 11:20 p.m., MPD officers responded to a report of a stranger sexual assault that occurred near the intersection of N. Bassett St. and W. Mifflin St.
 
Officers contacted the 20 year old female victim, who had been walking near this intersection. While the victim was walking, she felt someone approach her from the rear. During the assault, the suspect inappropriately groped and touched the woman.
 
In response, the woman yelled loudly and the suspect fled the area. Numerous citizens came outside in response to the woman's calls for help, and she was able to safely return to her residence and report the matter to MPD. The suspect then ran away from the area.
 
The suspect is described as a dark-skinned male, who was somewhere between 5' 8"" tall and 6' 0"" tall. The man was last seen wearing a gray and black camouflage hooded sweatshirt with the hood up and dark colored pants.
 
The investigation into this case is ongoing. Anyone with information on any of these cases is asked to call Madison Area Crime Stoppers at 608-266-6014. Tips can also be submitted anonymously online at p3tips.com.

Released 09/28/2022 at 2:31 PM by P.O. Hunter Lisko"
44,10/16/2022,Weapons Violation,100 Block of E. Main St.,Sgt. Nicholas Pine,2022-423364,,https://www.cityofmadison.com/police/newsroom/incidentreports/incident.cfm?id=30126,"A disturbance occurred in the 100 block of E. Main St. between family members. During the fight a suspect injured two victims using a kubaton causing substantial battery level injuries to two victims. Officers were able to apprehend two suspects from the incident. One suspect still remains at large. There is no known threat to the public as this was a targeted incident.

This is an ongoing investigation. If anyone has any additional information/video of this incident please contact the City of Madison Police Department (608) 255-2345 or Madison Area Crime Stoppers (608) 266-6014.

Released 10/16/2022 at 5:16 AM by Sgt. Nicholas Pine"
45,10/14/2022,Fraud,211 S. Carroll St.,Lt. Kimberly Alan,2022-000000,,https://www.cityofmadison.com/police/newsroom/incidentreports/incident.cfm?id=30125,"Recently, MPD received information from a citizen about a scam caller. The caller was pretending to be an MPD Captain and requesting financial payment from a citizen.
 
The scammer claimed that the citizen had missed a court date, and that the citizen now had to pay money at a kiosk at a local address to remedy the missed court date. Fortunately, the astute citizen knew that this was a scam, and did not hand over any money or identifying information.

The Madison Police Department will not ever ask a citizen to provide money, gift cards, or other valuables. If you are receiving a phone call of this nature, do not give the caller any information. You can disconnect and contact dispatch at 608-255-2345 to verify that an officer is actually calling you.
 
If you have any information on this attempted scam, please contact Madison Area Crime Stoppers at 608-266-6014. Tips can also be submitted anonymously online at p3tips.com

Released 10/14/2022 at 11:03 PM by Lt. Kimberly Alan"
46,10/14/2022,Theft,1600 block of W Beltline Hwy,P.O. Ryan Kimberley,2022-418992,,https://www.cityofmadison.com/police/newsroom/incidentreports/incident.cfm?id=30124,"Madison Police Officers responded to the 1600 block of W Beltline Hwy on 10/13/22 at 6:33 AM in reference to a stolen auto.

Officers contacted the victim who reported that their vehicle had been stolen. The victim stated the keys were likely in the vehicle when it was taken. 

Later that night, the DCSO locates the stolen vehicle.

This is an active and open investigation. If you have any information regarding this incident, please contact the Madison Police Department at 255-2345. If you wish to remain anonymous, please contact Madison Area Crime Stoppers at 266-6014, or, on the web at p3tips.com.

Released 10/14/2022 at 1:24 PM by P.O. Ryan Kimberley"
47,10/10/2022,Residential Burglary,432 W. Gorham St,P.O. Ryan Kimberley,2022-413796,10/12/2022,https://www.cityofmadison.com/police/newsroom/incidentreports/incident.cfm?id=30120,"Madison Police Officers were dispatched to 432 W. Gorham St for multiple reports of a suspect entering unlocked apartments.

There were numerous victims and one of the victims reported being sexually assaulted during the incident. The suspect was described as male black individual approximately 25-30 years old, 6' tall with a medium build, and short dreaded hair.

This is an active and on-going investigation. If you have any information regarding any of these incidents, please contact MPD at 255-2345, or you can remain anonymous and contact Madison Area Crime Stoppers at 266-6014, or, on the web at p3tips.com.

Released 10/10/2022 at 2:43 PM by P.O. Ryan Kimberley"
48,10/10/2022,Residential Burglary,432 W. Gorham St,P.O. Ryan Kimberley,2022-413796,10/12/2022,https://www.cityofmadison.com/police/newsroom/incidentreports/incident.cfm?id=30120,"Madison Police Officers were dispatched to 432 W. Gorham St for multiple reports of a suspect entering unlocked apartments.

There were numerous victims and one of the victims reported being sexually assaulted during the incident. The suspect was described as male black individual approximately 25-30 years old, 6' tall with a medium build, and short dreaded hair.

This is an active and on-going investigation. If you have any information regarding any of these incidents, please contact MPD at 255-2345, or you can remain anonymous and contact Madison Area Crime Stoppers at 266-6014, or, on the web at p3tips.com.

Released 10/10/2022 at 2:43 PM by P.O. Ryan Kimberley"
49,10/12/2022,Traffic Incident,Mineral Point Rd / S. High Point Rd,P.O. Ryan Kimberley,2022-417022,,https://www.cityofmadison.com/police/newsroom/incidentreports/incident.cfm?id=30123,"Madison Police Officers responded to the intersection of Mineral point Road and S. High Point Road for a crash with injuries.

It was determined that a vehicle turning southbound onto S. High Point Rd from westbound Mineral Point Road struck a pedestrian.  The pedestrian was conveyed to a local hospital where they remain in critical condition. 
 
The driver remained on scene and is cooperating with the investigation. This is an open and active investigation.

Released 10/12/2022 at 12:57 PM by P.O. Ryan Kimberley"
50,10/04/2022,Sexual Assault,N Park St / Fahrenbrook Court,P.O. Ryan Kimberley,2022-403218,10/11/2022,https://www.cityofmadison.com/police/newsroom/incidentreports/incident.cfm?id=30110,"Madison Police Officers responded to a stranger sexual assault inside an apartment building in the N. Park St and Fahrenbrook Court area. On 10/2/22, at approximately 4 AM, a mixed race male entered an apartment by removing a window screen and entering via an unlocked window. The victim woke up to being sexually assaulted. The suspect was described as 6'00-6'01, 19-22 years of age, possibly middle eastern or black with a slender build, and short hair. This is an active and on-going investigation. 

If you have any information regarding this incident, please contact the Madison Police Department at 255-2345. If you wish to remain anonymous, please contact Madison Area Crime Stoppers at 266-6014, or, on the web at p3tips.com.

Released 10/04/2022 at 3:00 PM by P.O. Ryan Kimberley"
51,10/11/2022,Residential Burglary,Lynnhaven Road/Calvert Road,P.O. Ryan Kimberley,2022-416054,,https://www.cityofmadison.com/police/newsroom/incidentreports/incident.cfm?id=30122,"Madison Police Officers responded to a residential burglary near Lynnhaven Road and Calvert Road. The victim stated someone was trying to enter their home in the garage area. 

Officers made contact with the suspect near the garage who was very agitated. Officers dialogued with the suspect and were able to take him into custody without incident. 

The suspect had several items in his possession that were in the garage. Avery Perry (45) was taken to the Dane County Jail for burglary and a parole and probation hold.   

Released 10/11/2022 at 1:51 PM by P.O. Ryan Kimberley"
52,10/11/2022,Traffic Incident,Mineral Point Rd. & S. Segoe Rd,P.O. Ryan Kimberley,2022-414669,,https://www.cityofmadison.com/police/newsroom/incidentreports/incident.cfm?id=30121,"A Madison Police Department Traffic Enforcement Safety Team Officer was monitoring a school zone with crossing guards and students in the area.
 
A vehicle was observed traveling 52 MPH in a posted 20 MPH school zone. A traffic stop was conducted on the vehicle and more violations were discovered.
 
Tommy Hodges (23) was cited for speed (32 over), driving while suspended, and taken to the Dane County Jail for Felony bail jumping cases. 

MPD wants to remind drivers to slow down in school zones, stay alert for the presence of children, watch for crossing guards, and obey their directions. 

Released 10/11/2022 at 9:26 AM by P.O. Ryan Kimberley"
53,10/07/2022,Theft,2500 & 2700 blocks of Crossroads Dr,P.O. Ryan Kimberley,2022-410451,10/11/2022,https://www.cityofmadison.com/police/newsroom/incidentreports/incident.cfm?id=30114,"Madison Police Officers responded to the 2500 & 2700 blocks of Crossroads Dr for a stolen auto and 4 vehicles that were damaged. 
 
2022-410451:
In the 2700 block of Crossroads Dr, an out-of-town guest called the police after their car was stolen. The victim's car was locked, and the victim had possession of the keys. There were no signs of forced entry. 
 
2022-410426:
Within the same area of the stolen auto, there were two different vehicles with broken windows. The victims stated nothing was taken from their vehicles.
 
2022-410492:
Down the road in the 2500 block of Crossroads Dr, two more vehicles had windows broken. The victims in this area also reported nothing was taken.
 
If you have any information regarding any of these incidents, please contact MPD at 255-2345, or you can remain anonymous and contact Madison Area Crime Stoppers at 266-6014, or, on the web at p3tips.com

Released 10/07/2022 at 2:57 PM by P.O. Ryan Kimberley"
54,10/10/2022,Disturbance,702 Pflaum Rd,P.O. Ryan Kimberley,2022-412927,,https://www.cityofmadison.com/police/newsroom/incidentreports/incident.cfm?id=30119,"Madison Police Officers were contracted to work at the Lafollette homecoming dance when officers received a reports of a disturbance possibly involving a weapon. 

Officers went towards the scene but did not observe any persons with weapons. While searching the area, officers found juveniles who appeared to be involved in a disturbance but did not find any evidence that a weapon was used during this incident. 

This is an active and on-going investigation. 

Released 10/10/2022 at 10:52 AM by P.O. Ryan Kimberley"
55,10/10/2022,Sexual Assault,222 W. Gorham St,P.O. Ryan Kimberley,2022-413286,,https://www.cityofmadison.com/police/newsroom/incidentreports/incident.cfm?id=30118,"Madison Police Officers were flagged down outside of 222 W Gorham St.

Victims reported the suspect was inside the bar, drinking and ""groping"" several women. Victims stated the suspect was also threatening people and trying to start fights. 

Officers arrested Michael Miller for 4th degree sexual assault and 3x disorderly conduct. This is an active and on-going investigation. 

Released 10/10/2022 at 9:55 AM by P.O. Ryan Kimberley"
56,10/10/2022,Weapons Violation,1700 block of Northport Dr,P.O. Ryan Kimberley,2022-412791,,https://www.cityofmadison.com/police/newsroom/incidentreports/incident.cfm?id=30117,"Madison Police Officers responded to the 1700 block of Northport Dr reference teenagers fighting in the parking lot. 

Officers arrived on scene and found a victim (46-year-old male) with a head injury and a stab wound to the chest (both non-life-threatening). The unknown suspect fled after the incident and is at large.

This is an active and on-going investigation. If you have any information regarding any of these incidents, please contact MPD at 255-2345, or you can remain anonymous and contact Madison Area Crime Stoppers at 266-6014, or, on the web at p3tips.com

Released 10/10/2022 at 9:28 AM by P.O. Ryan Kimberley"
57,10/10/2022,Check Person,7353 East Pass,P.O. Ryan Kimberley,2022-413746,,https://www.cityofmadison.com/police/newsroom/incidentreports/incident.cfm?id=30116,"Madison Police Officers were dispatched to the 7353 East Pass (Country Grove Park) reference a kidnapping. The victim and suspect know each other and agreed to meet at the park to exchange property.

Once at the park, the victim is physically forced into the suspect's car by the suspect. The suspect also takes the victim's phone. The suspect drives the victim to Dodgeville where the victim is attacked and tries to escape multiple times. The suspect ends up driving the victim back to Country Grove Park where they call for help. 

Alexander Devicente-Hernadez (18) was arrested for kidnapping, strangulation, battery, disorderly conduct, 2nd-degree reckless endangerment, and felony intimidation of a victim. This is an open and active investigation. 

Released 10/10/2022 at 8:41 AM by P.O. Ryan Kimberley"
58,10/08/2022,Intoxicated/Impaired Driver,Zeier Rd and E. Washington Ave.,Kimberly Alan,2022-411811,,https://www.cityofmadison.com/police/newsroom/incidentreports/incident.cfm?id=30115,"?Herron was operating on E. Washington Ave. when he claims he was cut off by another driver causing his vehicle to hit a light pole at the intersection of Zeier Rd. Officers on scene pick up right away on the inconsistency of Herron's statements and the odor of metabolizing alcohol coming from Herron's person. Officers arrest Herron for operating while intoxicated. Officers call over a K9 after smelling strong odor of burnt marijauna from Herron's car. K9 alerts on the vehicle leading to the search of his vehicle during which officers locate a loaded 9 mm handgun. Herron booked in to the jail for OWI and felon in possession of firearm. 

Released 10/08/2022 at 4:55 AM by Kimberly Alan"
59,10/07/2022,Arrested Person,1700 block of Northport Dr,P.O. Ryan Kimberley,2022-409380,,https://www.cityofmadison.com/police/newsroom/incidentreports/incident.cfm?id=30113,"Madison Police Officers responded to the 1700 block of Northport Dr for a subject with a knife. The victim stated he went outside for fresh air when a pan handler in the parking lot approaches  him.

The pan handler pulls out a knife and states, ""Best be steppin"". The victim then retreats, and officers locate the suspect nearby. 

Ricky C. Cross (31) was arrested for disorderly conduct while armed. 

Released 10/07/2022 at 8:41 AM by P.O. Ryan Kimberley"
60,10/06/2022,Disturbance,2400 block of Monterey Dr.,P.O. Ryan Kimberley,2022-406948,,https://www.cityofmadison.com/police/newsroom/incidentreports/incident.cfm?id=30112,"A Madison officer suffered a minor injury while responding to a disturbance on the north side late Wednesday night.
 
Officers were dispatched to the 2400 block of Monterey Dr. around 11:30 p.m.
 
The suspect resisted arrested and an officer was injured while trying to take him into custody.
 
Alanti L. Griffin, 28, of Blooming Grove, was arrested for disorderly conduct, trespassing, resisting arrested and battery to a law enforcement officer.

Released 10/06/2022 at 9:41 AM by P.O. Ryan Kimberley"
61,09/12/2022,Robbery,1602 W. Beltline Hwy.,P.O. Hunter Lisko,2022-372175,10/06/2022,https://www.cityofmadison.com/police/newsroom/incidentreports/incident.cfm?id=30073,"At approximately 2:15 a.m., MPD officers responded to the Super 8 Motel at 1602 W. Beltline Hwy. for a report of an armed robbery.
 
The front desk attendant reported that two male suspects entered the motel, and implied that they had a firearm. No firearm was actually seen during the robbery. The suspects demanded money from the employee. The employee reported that the suspects were wearing masks during the robbery.
 
The suspects took all of the money in the register, and left the area after making threats to the employee.
 
At this time, MPD is actively reviewing physical and digital evidence related to this case. If you have any information on this incident, please contact Madison Area Crime Stoppers at 608-266-6014. Tips can also be submitted anonymously online at p3tips.com

Released 09/12/2022 at 12:52 PM by P.O. Hunter Lisko"
62,10/06/2022,Robbery,400 block Charmany Dr.,PIO Stephanie Fryer,2022-405929,,https://www.cityofmadison.com/police/newsroom/incidentreports/incident.cfm?id=30111,"The Madison Police Department is investigating a robbery that occurred Tuesday morning.
 
Officers were dispatched to the 400 block of Charmany Dr. around 9:35 a.m.
 
The victim was working nearby and returned to his vehicle on a break. During this time, he noticed someone walking away from the vehicle with his personal property.
 
The victim chased the suspect briefly. He stopped after the suspect indicated he had a weapon.
 
The victim was not injured and did not see a weapon.
 
No arrests have been made.
 
The investigation is ongoing at this time.
 
 

Released 10/06/2022 at 7:37 AM by PIO Stephanie Fryer"
63,10/04/2022,Drug Investigation,810 E Mifflin St,P.O. Ryan Kimberley,2022-405424,,https://www.cityofmadison.com/police/newsroom/incidentreports/incident.cfm?id=30108,"Madison Police Officers were dispatched to Reynolds Park for a man yelling. Officers arrive and find a suspect with his pants down, screaming on the tennis courts. Officers observed two to three dozen hypodermic needles some appeared to be used next to the suspect.
 
There was also a female suspect on scene near the male suspect who immediately ran away but left behind a purse.
 
Ultimately, through the officers' investigative efforts, drug paraphernalia was recovered and .5 grams of fentanyl was found in the shoe of the male suspect. The abandoned purse contained more drug paraphernalia and the female suspect's identification card.

Van Fossen was issued charges for possession of drug paraphernalia and possession of fentanyl and taken to the Dane County Jail. There are pending charges for drug paraphernalia, 2x felony bail jumping, and 2x misdemeanor bail jumping for the female suspect. This is an active and ongoing investigation.

Released 10/04/2022 at 9:32 AM by P.O. Ryan Kimberley"
